,original_id,sequence_length,component_0,component_1,component_2
4669ce4fdfe00681727babb867f6ee3d,QHN70907.1,1584,47.083824,-694.68567,126.181816
203ffb5e1a092701900e4e8f67403604,,544,-16.167496,681.9032,-73.692535
7e9600bd5f15318e04b890bb3237b3dd,SP|P12345,518,-252.19003,51.58658,509.43042
12fe229c316d544bfb78c332f181a5b9,my_fav_protein,300,556.8562,4.234521,-76.2741
2b65768fc35be5fdcd498e96bcf4e1b6,CAA75637.1,184,-333.77036,-87.34659,-425.67297
