,label,component_0,component_1,component_2
,UNKNOWN,-16.167496,681.9032,-73.692535
CAA75637.1,pos,-333.77036,-87.34659,-425.67297
QHN70907.1,pos,47.083824,-694.68567,126.181816
SP|P12345,neg,-252.19003,51.58658,509.43042
my_fav_protein,neg,556.8562,4.234521,-76.2741
